State_ID,Next_State_ID,Probability,Act_Center,Reward_Center,Cost_Center,State_Center,NextState_Center,Weight,Done
2,2,0.991350367040346,[-0.09998018301814328],[1.0946107820387778],[0.0],"[-0.34261804404179175, 0.00948814919983304]","[-0.34261804404179175, 0.00948814919983304]",17421,False
2,1,0.0014795424799408183,[-0.13783668615384626],[0.5220400370084323],[0.0],"[-0.34261804404179175, 0.00948814919983304]","[0.5461841895246475, 0.09940861075661266]",26,False
2,0,0.007170090479713197,[0.4684180485592106],[1.3963561207997182],[0.0],"[-0.34261804404179175, 0.00948814919983304]","[-0.656110181809969, -0.1995692217763754]",126,False
1,1,0.9897810218978103,[0.6500665664269741],[0.9521654014704668],[0.0],"[0.5461841895246475, 0.09940861075661266]","[0.5461841895246475, 0.09940861075661266]",678,False
1,2,0.010218978102189781,[-0.003791435833333301],[1.4032603820164997],[0.0],"[0.5461841895246475, 0.09940861075661266]","[-0.34261804404179175, 0.00948814919983304]",7,False
0,0,0.9918311776718857,[0.45027452001958274],[1.5214531147085757],[6.396866840731071],"[-0.656110181809969, -0.1995692217763754]","[-0.656110181809969, -0.1995692217763754]",1457,False
0,2,0.008168822328114363,[-0.8412996795],[1.0816525506973267],[0.0],"[-0.656110181809969, -0.1995692217763754]","[-0.34261804404179175, 0.00948814919983304]",12,False
