State_ID,Next_State_ID,Probability,Act_Center,Reward_Center,Cost_Center,State_Center,NextState_Center,Weight,Done
0,0,0.9912390488110138,[-0.09948511377684366],[1.0947691435565043],[0.0],"[-0.34279975328139367, 0.009350672764080394]","[-0.34279975328139367, 0.009350672764080394]",17424,False
0,1,0.001479121629309364,[-0.13783668615384626],[0.5220400370084323],[0.0],"[-0.34279975328139367, 0.009350672764080394]","[0.5461841895246478, 0.09940861075661266]",26,False
0,2,0.007281829559676869,[0.4656290729492188],[1.3966657801841704],[0.0],"[-0.34279975328139367, 0.009350672764080394]","[-0.6571260908166145, -0.20016151495365675]",128,False
1,1,0.9897810218978103,[0.6500665664269741],[0.9521654014704668],[0.0],"[0.5461841895246478, 0.09940861075661266]","[0.5461841895246478, 0.09940861075661266]",678,False
1,0,0.010218978102189781,[-0.003791435833333301],[1.4032603820164997],[0.0],"[0.5461841895246478, 0.09940861075661266]","[-0.34279975328139367, 0.009350672764080394]",7,False
2,2,0.9918032786885246,[0.44940625172993054],[1.5216266712957236],[6.4136125654450264],"[-0.6571260908166145, -0.20016151495365675]","[-0.6571260908166145, -0.20016151495365675]",1452,False
2,0,0.00819672131147541,[-0.8412996795],[1.0816525506973267],[0.0],"[-0.6571260908166145, -0.20016151495365675]","[-0.34279975328139367, 0.009350672764080394]",12,False
