State_ID,Next_State_ID,Probability,Act_Center,Reward_Center,Cost_Center,State_Center,NextState_Center,Weight,Done
2,2,0.8,[-0.08233583500000002],[1.2400322437286377],[0.0],"[-0.414296904, -0.04168950399999999]","[-0.414296904, -0.04168950399999999]",4,False
2,0,0.2,[-0.10650912000000004],[1.2282073974609375],[0.0],"[-0.414296904, -0.04168950399999999]","[-0.44257804, -0.026560984]",1,False
0,0,0.8,[-0.170481965],[1.2076590061187744],[0.0],"[-0.44257804, -0.026560984]","[-0.44257804, -0.026560984]",4,False
0,1,0.2,[-0.20845313],[1.1836883544921875],[0.0],"[-0.44257804, -0.026560984]","[-0.4550570279166667, 0.002769381666666671]",1,False
1,1,1.0,[-0.13610619428571427],[1.146239253452846],[0.0],"[-0.4550570279166667, 0.002769381666666671]","[-0.4550570279166667, 0.002769381666666671]",9,False
