{
  "(-0.34279975328139367, 0.009350672764080394)": {
    "state": {
      "state": [
        -0.34279975328139367,
        0.009350672764080394
      ],
      "edges": [
        {
          "next_node": {
            "state": [
              -0.34279975328139367,
              0.009350672764080394
            ],
            "edges": []
          },
          "action": [
            -0.09948511377684366
          ],
          "reward": [
            1.0947691435565043
          ],
          "done": false,
          "cost": [
            0.0
          ],
          "weight": 17424.0,
          "prob": 0.9912390488110138
        }
      ]
    },
    "probs": [
      0.9912390488110138
    ],
    "actions": [
      [
        -0.09948511377684366
      ]
    ],
    "rewards": [
      [
        1.0947691435565043
      ]
    ],
    "costs": [
      [
        0.0
      ]
    ],
    "done": [
      false
    ],
    "weights": [
      17424.0
    ],
    "next_states": [
      {
        "state": [
          -0.34279975328139367,
          0.009350672764080394
        ],
        "edges": []
      }
    ],
    "max_action": -0.09948511377684366,
    "min_action": -0.09948511377684366
  },
  "(0.5461841895246478, 0.09940861075661266)": {
    "state": {
      "state": [
        0.5461841895246478,
        0.09940861075661266
      ],
      "edges": []
    },
    "probs": [],
    "actions": [],
    "rewards": [],
    "costs": [],
    "done": [],
    "weights": [],
    "next_states": [],
    "max_action": -100,
    "min_action": 100
  },
  "(-0.6571260908166145, -0.20016151495365675)": {
    "state": {
      "state": [
        -0.6571260908166145,
        -0.20016151495365675
      ],
      "edges": []
    },
    "probs": [],
    "actions": [],
    "rewards": [],
    "costs": [],
    "done": [],
    "weights": [],
    "next_states": [],
    "max_action": -100,
    "min_action": 100
  }
}