{
  "(-0.34261804404179175, 0.00948814919983304)": {
    "state": {
      "state": [
        -0.34261804404179175,
        0.00948814919983304
      ],
      "edges": [
        {
          "next_node": {
            "state": [
              -0.34261804404179175,
              0.00948814919983304
            ],
            "edges": []
          },
          "action": [
            -0.09998018301814328
          ],
          "reward": [
            1.0946107820387778
          ],
          "done": false,
          "cost": [
            0.0
          ],
          "weight": 17421.0,
          "prob": 0.991350367040346
        }
      ]
    },
    "probs": [
      0.991350367040346
    ],
    "actions": [
      [
        -0.09998018301814328
      ]
    ],
    "rewards": [
      [
        1.0946107820387778
      ]
    ],
    "costs": [
      [
        0.0
      ]
    ],
    "done": [
      false
    ],
    "weights": [
      17421.0
    ],
    "next_states": [
      {
        "state": [
          -0.34261804404179175,
          0.00948814919983304
        ],
        "edges": []
      }
    ],
    "max_action": -0.09998018301814328,
    "min_action": -0.09998018301814328
  },
  "(0.5461841895246475, 0.09940861075661266)": {
    "state": {
      "state": [
        0.5461841895246475,
        0.09940861075661266
      ],
      "edges": []
    },
    "probs": [],
    "actions": [],
    "rewards": [],
    "costs": [],
    "done": [],
    "weights": [],
    "next_states": [],
    "max_action": -100,
    "min_action": 100
  },
  "(-0.656110181809969, -0.1995692217763754)": {
    "state": {
      "state": [
        -0.656110181809969,
        -0.1995692217763754
      ],
      "edges": []
    },
    "probs": [],
    "actions": [],
    "rewards": [],
    "costs": [],
    "done": [],
    "weights": [],
    "next_states": [],
    "max_action": -100,
    "min_action": 100
  }
}