{
  "(-0.414296904, -0.04168950399999999)": {
    "state": {
      "state": [
        -0.414296904,
        -0.04168950399999999
      ],
      "edges": [
        {
          "next_node": {
            "state": [
              -0.414296904,
              -0.04168950399999999
            ],
            "edges": []
          },
          "action": [
            -0.08233583500000002
          ],
          "reward": [
            1.2400322437286377
          ],
          "done": false,
          "cost": [
            0.0
          ],
          "weight": 4.0,
          "prob": 0.8
        },
        {
          "next_node": {
            "state": [
              -0.44257804,
              -0.026560984
            ],
            "edges": []
          },
          "action": [
            -0.10650912000000004
          ],
          "reward": [
            1.2282073974609375
          ],
          "done": false,
          "cost": [
            0.0
          ],
          "weight": 1.0,
          "prob": 0.2
        }
      ]
    },
    "probs": [
      0.8,
      0.2
    ],
    "actions": [
      [
        -0.08233583500000002
      ],
      [
        -0.10650912000000004
      ]
    ],
    "rewards": [
      [
        1.2400322437286377
      ],
      [
        1.2282073974609375
      ]
    ],
    "costs": [
      [
        0.0
      ],
      [
        0.0
      ]
    ],
    "done": [
      false,
      false
    ],
    "weights": [
      4.0,
      1.0
    ],
    "next_states": [
      {
        "state": [
          -0.414296904,
          -0.04168950399999999
        ],
        "edges": []
      },
      {
        "state": [
          -0.44257804,
          -0.026560984
        ],
        "edges": []
      }
    ],
    "max_action": -0.08233583500000002,
    "min_action": -0.10650912000000004
  },
  "(-0.44257804, -0.026560984)": {
    "state": {
      "state": [
        -0.44257804,
        -0.026560984
      ],
      "edges": [
        {
          "next_node": {
            "state": [
              -0.4550570279166667,
              0.002769381666666671
            ],
            "edges": []
          },
          "action": [
            -0.20845313
          ],
          "reward": [
            1.1836883544921875
          ],
          "done": false,
          "cost": [
            0.0
          ],
          "weight": 1.0,
          "prob": 0.2
        },
        {
          "next_node": {
            "state": [
              -0.44257804,
              -0.026560984
            ],
            "edges": []
          },
          "action": [
            -0.170481965
          ],
          "reward": [
            1.2076590061187744
          ],
          "done": false,
          "cost": [
            0.0
          ],
          "weight": 4.0,
          "prob": 0.8
        }
      ]
    },
    "probs": [
      0.2,
      0.8
    ],
    "actions": [
      [
        -0.20845313
      ],
      [
        -0.170481965
      ]
    ],
    "rewards": [
      [
        1.1836883544921875
      ],
      [
        1.2076590061187744
      ]
    ],
    "costs": [
      [
        0.0
      ],
      [
        0.0
      ]
    ],
    "done": [
      false,
      false
    ],
    "weights": [
      1.0,
      4.0
    ],
    "next_states": [
      {
        "state": [
          -0.4550570279166667,
          0.002769381666666671
        ],
        "edges": []
      },
      {
        "state": [
          -0.44257804,
          -0.026560984
        ],
        "edges": []
      }
    ],
    "max_action": -0.170481965,
    "min_action": -0.20845313
  },
  "(-0.4550570279166667, 0.002769381666666671)": {
    "state": {
      "state": [
        -0.4550570279166667,
        0.002769381666666671
      ],
      "edges": [
        {
          "next_node": {
            "state": [
              -0.4550570279166667,
              0.002769381666666671
            ],
            "edges": []
          },
          "action": [
            -0.13610619428571427
          ],
          "reward": [
            1.146239253452846
          ],
          "done": false,
          "cost": [
            0.0
          ],
          "weight": 9.0,
          "prob": 1.0
        }
      ]
    },
    "probs": [
      1.0
    ],
    "actions": [
      [
        -0.13610619428571427
      ]
    ],
    "rewards": [
      [
        1.146239253452846
      ]
    ],
    "costs": [
      [
        0.0
      ]
    ],
    "done": [
      false
    ],
    "weights": [
      9.0
    ],
    "next_states": [
      {
        "state": [
          -0.4550570279166667,
          0.002769381666666671
        ],
        "edges": []
      }
    ],
    "max_action": -0.13610619428571427,
    "min_action": -0.13610619428571427
  }
}