{
  "(-0.34279975328139367, 0.009350672764080394)": {
    "state": [
      -0.34279975328139367,
      0.009350672764080394
    ],
    "edges": [
      {
        "next_node": {
          "state": [
            -0.34279975328139367,
            0.009350672764080394
          ],
          "edges": []
        },
        "action": [
          -0.09948511377684366
        ],
        "reward": [
          1.0947691435565043
        ],
        "done": false,
        "cost": [
          0.0
        ],
        "weight": 17424.0,
        "prob": 0.9912390488110138
      }
    ]
  },
  "(0.5461841895246478, 0.09940861075661266)": {
    "state": [
      0.5461841895246478,
      0.09940861075661266
    ],
    "edges": []
  },
  "(-0.6571260908166145, -0.20016151495365675)": {
    "state": [
      -0.6571260908166145,
      -0.20016151495365675
    ],
    "edges": []
  }
}