{
  "(-0.414296904, -0.04168950399999999)": {
    "state": [
      -0.414296904,
      -0.04168950399999999
    ],
    "edges": [
      {
        "next_node": {
          "state": [
            -0.44257804,
            -0.026560984
          ],
          "edges": []
        },
        "action": [
          -0.10650912000000004
        ],
        "reward": [
          1.2282073974609375
        ],
        "done": false,
        "cost": [
          0.0
        ],
        "weight": 1.0,
        "prob": 0.2
      },
      {
        "next_node": {
          "state": [
            -0.414296904,
            -0.04168950399999999
          ],
          "edges": []
        },
        "action": [
          -0.08233583500000002
        ],
        "reward": [
          1.2400322437286377
        ],
        "done": false,
        "cost": [
          0.0
        ],
        "weight": 4.0,
        "prob": 0.8
      }
    ]
  },
  "(-0.44257804, -0.026560984)": {
    "state": [
      -0.44257804,
      -0.026560984
    ],
    "edges": [
      {
        "next_node": {
          "state": [
            -0.4550570279166667,
            0.002769381666666671
          ],
          "edges": []
        },
        "action": [
          -0.20845313
        ],
        "reward": [
          1.1836883544921875
        ],
        "done": false,
        "cost": [
          0.0
        ],
        "weight": 1.0,
        "prob": 0.2
      },
      {
        "next_node": {
          "state": [
            -0.44257804,
            -0.026560984
          ],
          "edges": []
        },
        "action": [
          -0.170481965
        ],
        "reward": [
          1.2076590061187744
        ],
        "done": false,
        "cost": [
          0.0
        ],
        "weight": 4.0,
        "prob": 0.8
      }
    ]
  },
  "(-0.4550570279166667, 0.002769381666666671)": {
    "state": [
      -0.4550570279166667,
      0.002769381666666671
    ],
    "edges": [
      {
        "next_node": {
          "state": [
            -0.4550570279166667,
            0.002769381666666671
          ],
          "edges": []
        },
        "action": [
          -0.13610619428571427
        ],
        "reward": [
          1.146239253452846
        ],
        "done": false,
        "cost": [
          0.0
        ],
        "weight": 9.0,
        "prob": 1.0
      }
    ]
  }
}