{
  "(-0.405, -0.04499999999999999)": {
    "state": [
      -0.405,
      -0.04499999999999999
    ],
    "edges": [
      {
        "next_node": {
          "state": [
            -0.405,
            -0.04499999999999999
          ],
          "edges": []
        },
        "action": [
          -0.055000000000000056
        ],
        "reward": [
          1.245
        ],
        "done": false,
        "cost": [
          50.0
        ],
        "weight": 1.0,
        "prob": 0.5
      },
      {
        "next_node": {
          "state": [
            -0.41500000000000004,
            -0.04499999999999999
          ],
          "edges": []
        },
        "action": [
          -0.1250000000000001
        ],
        "reward": [
          1.245
        ],
        "done": false,
        "cost": [
          50.0
        ],
        "weight": 1.0,
        "prob": 0.5
      }
    ]
  },
  "(-0.41500000000000004, -0.04499999999999999)": {
    "state": [
      -0.41500000000000004,
      -0.04499999999999999
    ],
    "edges": [
      {
        "next_node": {
          "state": [
            -0.425,
            -0.03499999999999998
          ],
          "edges": []
        },
        "action": [
          -0.055000000000000056
        ],
        "reward": [
          1.235
        ],
        "done": false,
        "cost": [
          50.0
        ],
        "weight": 1.0,
        "prob": 1.0
      }
    ]
  },
  "(-0.425, -0.03499999999999998)": {
    "state": [
      -0.425,
      -0.03499999999999998
    ],
    "edges": [
      {
        "next_node": {
          "state": [
            -0.425,
            -0.03499999999999998
          ],
          "edges": []
        },
        "action": [
          -0.09500000000000008
        ],
        "reward": [
          1.235
        ],
        "done": false,
        "cost": [
          50.0
        ],
        "weight": 1.0,
        "prob": 0.5
      },
      {
        "next_node": {
          "state": [
            -0.435,
            -0.03499999999999998
          ],
          "edges": []
        },
        "action": [
          -0.1050000000000001
        ],
        "reward": [
          1.225
        ],
        "done": false,
        "cost": [
          50.0
        ],
        "weight": 1.0,
        "prob": 0.5
      }
    ]
  },
  "(-0.435, -0.03499999999999998)": {
    "state": [
      -0.435,
      -0.03499999999999998
    ],
    "edges": [
      {
        "next_node": {
          "state": [
            -0.435,
            -0.025000000000000026
          ],
          "edges": []
        },
        "action": [
          -0.2350000000000001
        ],
        "reward": [
          1.215
        ],
        "done": false,
        "cost": [
          50.0
        ],
        "weight": 1.0,
        "prob": 1.0
      }
    ]
  },
  "(-0.435, -0.025000000000000026)": {
    "state": [
      -0.435,
      -0.025000000000000026
    ],
    "edges": [
      {
        "next_node": {
          "state": [
            -0.445,
            -0.025000000000000026
          ],
          "edges": []
        },
        "action": [
          -0.06500000000000006
        ],
        "reward": [
          1.215
        ],
        "done": false,
        "cost": [
          50.0
        ],
        "weight": 1.0,
        "prob": 1.0
      }
    ]
  },
  "(-0.445, -0.025000000000000026)": {
    "state": [
      -0.445,
      -0.025000000000000026
    ],
    "edges": [
      {
        "next_node": {
          "state": [
            -0.445,
            -0.025000000000000026
          ],
          "edges": []
        },
        "action": [
          -0.13500000000000012
        ],
        "reward": [
          1.205
        ],
        "done": false,
        "cost": [
          50.0
        ],
        "weight": 1.0,
        "prob": 0.5
      },
      {
        "next_node": {
          "state": [
            -0.455,
            -0.015000000000000017
          ],
          "edges": []
        },
        "action": [
          -0.2550000000000001
        ],
        "reward": [
          1.195
        ],
        "done": false,
        "cost": [
          50.0
        ],
        "weight": 1.0,
        "prob": 0.5
      }
    ]
  },
  "(-0.455, -0.015000000000000017)": {
    "state": [
      -0.455,
      -0.015000000000000017
    ],
    "edges": [
      {
        "next_node": {
          "state": [
            -0.455,
            -0.015000000000000017
          ],
          "edges": []
        },
        "action": [
          -0.20500000000000007
        ],
        "reward": [
          1.185
        ],
        "done": false,
        "cost": [
          50.0
        ],
        "weight": 1.0,
        "prob": 0.5
      },
      {
        "next_node": {
          "state": [
            -0.455,
            -0.005000000000000009
          ],
          "edges": []
        },
        "action": [
          -0.15500000000000003
        ],
        "reward": [
          1.175
        ],
        "done": false,
        "cost": [
          50.0
        ],
        "weight": 1.0,
        "prob": 0.5
      }
    ]
  },
  "(-0.455, -0.005000000000000009)": {
    "state": [
      -0.455,
      -0.005000000000000009
    ],
    "edges": [
      {
        "next_node": {
          "state": [
            -0.455,
            0.005
          ],
          "edges": []
        },
        "action": [
          -0.09500000000000008
        ],
        "reward": [
          1.155
        ],
        "done": false,
        "cost": [
          50.0
        ],
        "weight": 1.0,
        "prob": 0.3333333333333333
      },
      {
        "next_node": {
          "state": [
            -0.455,
            -0.005000000000000009
          ],
          "edges": []
        },
        "action": [
          -0.14500000000000002
        ],
        "reward": [
          1.165
        ],
        "done": false,
        "cost": [
          50.0
        ],
        "weight": 2.0,
        "prob": 0.6666666666666666
      }
    ]
  },
  "(-0.455, 0.005)": {
    "state": [
      -0.455,
      0.005
    ],
    "edges": [
      {
        "next_node": {
          "state": [
            -0.455,
            0.01500000000000001
          ],
          "edges": []
        },
        "action": [
          -0.18500000000000005
        ],
        "reward": [
          1.135
        ],
        "done": false,
        "cost": [
          50.0
        ],
        "weight": 1.0,
        "prob": 0.3333333333333333
      },
      {
        "next_node": {
          "state": [
            -0.455,
            0.005
          ],
          "edges": []
        },
        "action": [
          -0.15500000000000003
        ],
        "reward": [
          1.145
        ],
        "done": false,
        "cost": [
          50.0
        ],
        "weight": 2.0,
        "prob": 0.6666666666666666
      }
    ]
  },
  "(-0.455, 0.01500000000000001)": {
    "state": [
      -0.455,
      0.01500000000000001
    ],
    "edges": [
      {
        "next_node": {
          "state": [
            -0.445,
            0.01500000000000001
          ],
          "edges": []
        },
        "action": [
          -0.08500000000000008
        ],
        "reward": [
          1.125
        ],
        "done": false,
        "cost": [
          50.0
        ],
        "weight": 1.0,
        "prob": 0.5
      },
      {
        "next_node": {
          "state": [
            -0.455,
            0.01500000000000001
          ],
          "edges": []
        },
        "action": [
          -0.13500000000000012
        ],
        "reward": [
          1.125
        ],
        "done": false,
        "cost": [
          50.0
        ],
        "weight": 1.0,
        "prob": 0.5
      }
    ]
  },
  "(-0.445, 0.01500000000000001)": {
    "state": [
      -0.445,
      0.01500000000000001
    ],
    "edges": []
  }
}