{
  "(-0.405, -0.04499999999999999)": {
    "state": {
      "state": [
        -0.405,
        -0.04499999999999999
      ],
      "edges": [
        {
          "next_node": {
            "state": [
              -0.405,
              -0.04499999999999999
            ],
            "edges": []
          },
          "action": [
            -0.055000000000000056
          ],
          "reward": [
            1.245
          ],
          "done": false,
          "cost": [
            50.0
          ],
          "weight": 1.0,
          "prob": 0.5
        },
        {
          "next_node": {
            "state": [
              -0.41500000000000004,
              -0.04499999999999999
            ],
            "edges": []
          },
          "action": [
            -0.1250000000000001
          ],
          "reward": [
            1.245
          ],
          "done": false,
          "cost": [
            50.0
          ],
          "weight": 1.0,
          "prob": 0.5
        }
      ]
    },
    "probs": [
      0.5,
      0.5
    ],
    "actions": [
      [
        -0.055000000000000056
      ],
      [
        -0.1250000000000001
      ]
    ],
    "rewards": [
      [
        1.245
      ],
      [
        1.245
      ]
    ],
    "costs": [
      [
        50.0
      ],
      [
        50.0
      ]
    ],
    "done": [
      false,
      false
    ],
    "weights": [
      1.0,
      1.0
    ],
    "next_states": [
      {
        "state": [
          -0.405,
          -0.04499999999999999
        ],
        "edges": []
      },
      {
        "state": [
          -0.41500000000000004,
          -0.04499999999999999
        ],
        "edges": []
      }
    ],
    "max_action": -0.055000000000000056,
    "min_action": -0.1250000000000001
  },
  "(-0.41500000000000004, -0.04499999999999999)": {
    "state": {
      "state": [
        -0.41500000000000004,
        -0.04499999999999999
      ],
      "edges": [
        {
          "next_node": {
            "state": [
              -0.425,
              -0.03499999999999998
            ],
            "edges": []
          },
          "action": [
            -0.055000000000000056
          ],
          "reward": [
            1.235
          ],
          "done": false,
          "cost": [
            50.0
          ],
          "weight": 1.0,
          "prob": 1.0
        }
      ]
    },
    "probs": [
      1.0
    ],
    "actions": [
      [
        -0.055000000000000056
      ]
    ],
    "rewards": [
      [
        1.235
      ]
    ],
    "costs": [
      [
        50.0
      ]
    ],
    "done": [
      false
    ],
    "weights": [
      1.0
    ],
    "next_states": [
      {
        "state": [
          -0.425,
          -0.03499999999999998
        ],
        "edges": []
      }
    ],
    "max_action": -0.055000000000000056,
    "min_action": -0.055000000000000056
  },
  "(-0.425, -0.03499999999999998)": {
    "state": {
      "state": [
        -0.425,
        -0.03499999999999998
      ],
      "edges": [
        {
          "next_node": {
            "state": [
              -0.435,
              -0.03499999999999998
            ],
            "edges": []
          },
          "action": [
            -0.1050000000000001
          ],
          "reward": [
            1.225
          ],
          "done": false,
          "cost": [
            50.0
          ],
          "weight": 1.0,
          "prob": 0.5
        },
        {
          "next_node": {
            "state": [
              -0.425,
              -0.03499999999999998
            ],
            "edges": []
          },
          "action": [
            -0.09500000000000008
          ],
          "reward": [
            1.235
          ],
          "done": false,
          "cost": [
            50.0
          ],
          "weight": 1.0,
          "prob": 0.5
        }
      ]
    },
    "probs": [
      0.5,
      0.5
    ],
    "actions": [
      [
        -0.1050000000000001
      ],
      [
        -0.09500000000000008
      ]
    ],
    "rewards": [
      [
        1.225
      ],
      [
        1.235
      ]
    ],
    "costs": [
      [
        50.0
      ],
      [
        50.0
      ]
    ],
    "done": [
      false,
      false
    ],
    "weights": [
      1.0,
      1.0
    ],
    "next_states": [
      {
        "state": [
          -0.435,
          -0.03499999999999998
        ],
        "edges": []
      },
      {
        "state": [
          -0.425,
          -0.03499999999999998
        ],
        "edges": []
      }
    ],
    "max_action": -0.09500000000000008,
    "min_action": -0.1050000000000001
  },
  "(-0.435, -0.03499999999999998)": {
    "state": {
      "state": [
        -0.435,
        -0.03499999999999998
      ],
      "edges": [
        {
          "next_node": {
            "state": [
              -0.435,
              -0.025000000000000026
            ],
            "edges": []
          },
          "action": [
            -0.2350000000000001
          ],
          "reward": [
            1.215
          ],
          "done": false,
          "cost": [
            50.0
          ],
          "weight": 1.0,
          "prob": 1.0
        }
      ]
    },
    "probs": [
      1.0
    ],
    "actions": [
      [
        -0.2350000000000001
      ]
    ],
    "rewards": [
      [
        1.215
      ]
    ],
    "costs": [
      [
        50.0
      ]
    ],
    "done": [
      false
    ],
    "weights": [
      1.0
    ],
    "next_states": [
      {
        "state": [
          -0.435,
          -0.025000000000000026
        ],
        "edges": []
      }
    ],
    "max_action": -0.2350000000000001,
    "min_action": -0.2350000000000001
  },
  "(-0.435, -0.025000000000000026)": {
    "state": {
      "state": [
        -0.435,
        -0.025000000000000026
      ],
      "edges": [
        {
          "next_node": {
            "state": [
              -0.445,
              -0.025000000000000026
            ],
            "edges": []
          },
          "action": [
            -0.06500000000000006
          ],
          "reward": [
            1.215
          ],
          "done": false,
          "cost": [
            50.0
          ],
          "weight": 1.0,
          "prob": 1.0
        }
      ]
    },
    "probs": [
      1.0
    ],
    "actions": [
      [
        -0.06500000000000006
      ]
    ],
    "rewards": [
      [
        1.215
      ]
    ],
    "costs": [
      [
        50.0
      ]
    ],
    "done": [
      false
    ],
    "weights": [
      1.0
    ],
    "next_states": [
      {
        "state": [
          -0.445,
          -0.025000000000000026
        ],
        "edges": []
      }
    ],
    "max_action": -0.06500000000000006,
    "min_action": -0.06500000000000006
  },
  "(-0.445, -0.025000000000000026)": {
    "state": {
      "state": [
        -0.445,
        -0.025000000000000026
      ],
      "edges": [
        {
          "next_node": {
            "state": [
              -0.445,
              -0.025000000000000026
            ],
            "edges": []
          },
          "action": [
            -0.13500000000000012
          ],
          "reward": [
            1.205
          ],
          "done": false,
          "cost": [
            50.0
          ],
          "weight": 1.0,
          "prob": 0.5
        },
        {
          "next_node": {
            "state": [
              -0.455,
              -0.015000000000000017
            ],
            "edges": []
          },
          "action": [
            -0.2550000000000001
          ],
          "reward": [
            1.195
          ],
          "done": false,
          "cost": [
            50.0
          ],
          "weight": 1.0,
          "prob": 0.5
        }
      ]
    },
    "probs": [
      0.5,
      0.5
    ],
    "actions": [
      [
        -0.13500000000000012
      ],
      [
        -0.2550000000000001
      ]
    ],