State,Act,Reward,NextState,Done,Cost,Weight,Probability
"[-0.40049762, -0.04567659]",[-0.05331808000000002],[1.247334098815918],"[-0.4077348, -0.04434365]",False,[0.0],5,0.5
"[-0.4077348, -0.04434365]",[-0.12770095],[1.240949058532715],"[-0.4146595, -0.04115117]",False,[0.0],1,0.5
"[-0.4146595, -0.04115117]",[-0.05272099000000005],[1.2383130073547364],"[-0.42117340000000003, -0.03983307]",False,[0.0],1,1.0
"[-0.42117340000000003, -0.03983307]",[-0.09560331999999999],[1.2335328102111818],"[-0.42741920000000005, -0.03744304]",False,[0.0],1,0.5
"[-0.42741920000000005, -0.03744304]",[-0.10650912000000003],[1.2282073974609375],"[-0.43326807, -0.03478032]",False,[0.0],10,0.5
"[-0.43326807, -0.03478032]",[-0.23307769000000003],[1.2165534973144532],"[-0.43852216, -0.02895337]",False,[0.0],1,1.0
"[-0.43852216, -0.02895337]",[-0.06553823999999994],[1.2132765769958498],"[-0.4430673, -0.02731496]",False,[0.0],1,1.0
"[-0.4430673, -0.02731496]",[-0.13163139],[1.2066949844360355],"[-0.44726217, -0.02402413]",False,[0.0],1,0.5
"[-0.44726217, -0.02402413]",[-0.25168054000000006],[1.1941109657287599],"[-0.4507705, -0.01773214]",False,[0.0],1,0.5
